method,path,group,summary
"GET","/api/health","Кабинет и система","Проверка API и базы"
"POST","/api/auth/login","Вход","Войти"
"POST","/api/auth/register","Вход","Зарегистрировать проводника и открыть сеанс"
"POST","/api/auth/logout","Вход","Выйти"
"GET","/api/me","Кабинет и система","Текущий пользователь, флаги и время"
"GET","/api/modules","Администрирование","Доступность модулей"
"PATCH","/api/modules/{id}","Администрирование","Включить или выключить модуль"
"GET","/api/admin/users","Администрирование","Пользователи для администратора"
"PATCH","/api/admin/users/{id}/role","Администрирование","Назначить роль"
"GET","/api/account","Кабинет и система","Профиль"
"PATCH","/api/account","Кабинет и система","Изменить имя и фамилию"
"POST","/api/account/avatar/preview","Кабинет и система","Подготовить ориентированное превью без сохранения аватара"
"PUT","/api/account/avatar","Кабинет и система","Загрузить исходное фото до 25 MiB (JPEG, PNG, WebP, AVIF, GIF, TIFF, HEIC); сервер обрезает и сжимает в 256×256 WebP"
"DELETE","/api/account/avatar","Кабинет и система","Удалить свой аватар"
"GET","/api/users/{id}/avatar","Кабинет и система","Прочитать аватар; доступно при выключенном account"
"GET","/api/scenarios","Обучение","Опубликованные сценарии"
"GET","/api/sessions","Игра и голос","Прохождения пользователя"
"POST","/api/sessions","Игра и голос","Начать прохождение"
"GET","/api/sessions/{id}","Игра и голос","Текущее состояние прохождения"
"POST","/api/sessions/{id}/answer","Игра и голос","Выбрать доступный ответ"
"POST","/api/sessions/{id}/timeout","Игра и голос","Зафиксировать истёкший таймер"
"POST","/api/sessions/{id}/world-action","Игра и голос","Выполнить действие в сцене"
"POST","/api/sessions/{id}/world-move","Игра и голос","Переместиться в вагоне"
"GET","/api/immersive/catalog","Кабинет и система","Каталог вагона и пространственных команд для автора"
"GET","/api/editor/scenarios","Редактор","Черновики автора"
"POST","/api/editor/scenarios","Редактор","Создать черновик"
"GET","/api/editor/scenarios/{id}","Редактор","Получить черновик"
"PUT","/api/editor/scenarios/{id}","Редактор","Сохранить черновик"
"POST","/api/editor/scenarios/{id}/validate","Редактор","Проверить граф"
"POST","/api/editor/scenarios/{id}/publish","Редактор","Опубликовать неизменяемую версию"
"GET","/api/progress","Кабинет и система","Прогресс, достижения и цель недели"
"GET","/api/results","Кабинет и система","История результатов"
"GET","/api/results/{id}","Кабинет и система","Результат и разбор"
"GET","/api/notifications","Уведомления","Сохранённые уведомления"
"GET","/api/notifications/status","Уведомления","Точное число непрочитанных уведомлений"
"GET","/api/notifications/push","Уведомления","Наличие Web Push и публичный VAPID ключ"
"POST","/api/notifications/push/subscriptions","Уведомления","Привязать push-подписку к текущему сеансу"
"DELETE","/api/notifications/push/subscriptions","Уведомления","Отвязать push-подписку текущего сеанса"
"POST","/api/notifications/push/subscriptions/status","Уведомления","Проверить push-подписку текущего сеанса"
"PATCH","/api/notifications/{id}","Уведомления","Прочитать уведомление"
"DELETE","/api/notifications/{id}","Уведомления","Удалить своё прочитанное уведомление"
"POST","/api/notifications/read-all","Уведомления","Прочитать все уведомления"
"GET","/api/team","Кабинет и система","Рейтинг бригады, депо или компании"
"GET","/api/leaderboard","Кабинет и система","Лучший результат каждого корневого сценария за последние 720 часов"
"GET","/api/integrations/users","Интеграции","Экспорт пользователей"
"GET","/api/integrations/results","Интеграции","Экспорт результатов"
"GET","/api/notifications/feed","Уведомления","Фильтрованная страница видимых уведомлений"
"DELETE","/api/notifications/read","Уведомления","Удалить все свои прочитанные уведомления"
"GET","/api/materials","Обучение","Материалы опубликованных сценариев"
"GET","/api/scenarios/{id}/materials","Обучение","Проверенные учебные выдержки опубликованного сценария"
"POST","/api/sessions/{id}/turn","Игра и голос","Сохранить реплику проводника и поставить ответ пассажира в очередь"
"POST","/api/sessions/{id}/voice","Игра и голос","Распознать PCM16LE mono 16 кГц без отправки реплики"
"POST","/api/sessions/{id}/speech","Игра и голос","Озвучить сохранённую реплику пассажира"
"GET","/api/editor/assistant","Редактор","Доступность помощника для автора"
"POST","/api/editor/scenarios/{id}/assistant","Редактор","Подготовить проверенное предложение без сохранения и публикации"
"GET","/api/scenarios/{id}/next","Обучение","Следующая опубликованная ситуация линейного маршрута"
"GET","/api/openapi.json","Кабинет и система","Спецификация OpenAPI"
